{
  "id": "2051804",
  "name": "tjspace",
  "font_family": "iconfont",
  "css_prefix_text": "icon-",
  "description": "",
  "glyphs": [
    {
      "icon_id": "986819",
      "name": "反馈",
      "font_class": "fankui",
      "unicode": "e699",
      "unicode_decimal": 59033
    },
    {
      "icon_id": "6299115",
      "name": "教师",
      "font_class": "jiaoshi",
      "unicode": "e60b",
      "unicode_decimal": 58891
    },
    {
      "icon_id": "6708207",
      "name": "报志愿",
      "font_class": "baozhiyuan",
      "unicode": "e61b",
      "unicode_decimal": 58907
    },
    {
      "icon_id": "9766334",
      "name": "课程",
      "font_class": "kecheng",
      "unicode": "e60f",
      "unicode_decimal": 58895
    }
  ]
}
